<?xml version="1.0" encoding="UTF-8" standalone="yes" ?>
<SysParamConfig_Client_Tab>
<TResHeadAll version="5">
    <resHead type="TResHead">
        <Magic>1397052237 </Magic>
        <Version>6 </Version>
        <Unit>8 </Unit>
        <Count>215 </Count>
        <MetalibHash>aaaaaaaaaaaaaaaaaaaaaaaaaaaaaaaa</MetalibHash>
        <ResVersion>0 </ResVersion>
        <CreateTime>   0-00-00 00:00:00</CreateTime>
        <ResEncording>UTF-8</ResEncording>
        <ContentHash>ec709ad17ed25231d9165f98a1f5b1a4</ContentHash>
    </resHead>
    <resHeadExt type="TResHeadExt">
        <DataOffset>136 </DataOffset>
    </resHeadExt>
</TResHeadAll>
<SysParamConfig_Client version="1">
    <m_iParamID>0 </m_iParamID>
    <m_iParamValue>0 </m_iParamValue>
</SysParamConfig_Client>
<SysParamConfig_Client version="1">
    <m_iParamID>1 </m_iParamID>
    <m_iParamValue>288 </m_iParamValue>
</SysParamConfig_Client>
<SysParamConfig_Client version="1">
    <m_iParamID>2 </m_iParamID>
    <m_iParamValue>25 </m_iParamValue>
</SysParamConfig_Client>
<SysParamConfig_Client version="1">
    <m_iParamID>3 </m_iParamID>
    <m_iParamValue>288 </m_iParamValue>
</SysParamConfig_Client>
<SysParamConfig_Client version="1">
    <m_iParamID>4 </m_iParamID>
    <m_iParamValue>25 </m_iParamValue>
</SysParamConfig_Client>
<SysParamConfig_Client version="1">
    <m_iParamID>5 </m_iParamID>
    <m_iParamValue>80 </m_iParamValue>
</SysParamConfig_Client>
<SysParamConfig_Client version="1">
    <m_iParamID>6 </m_iParamID>
    <m_iParamValue>19 </m_iParamValue>
</SysParamConfig_Client>
<SysParamConfig_Client version="1">
    <m_iParamID>7 </m_iParamID>
    <m_iParamValue>9 </m_iParamValue>
</SysParamConfig_Client>
<SysParamConfig_Client version="1">
    <m_iParamID>8 </m_iParamID>
    <m_iParamValue>5 </m_iParamValue>
</SysParamConfig_Client>
<SysParamConfig_Client version="1">
    <m_iParamID>9 </m_iParamID>
    <m_iParamValue>1 </m_iParamValue>
</SysParamConfig_Client>
<SysParamConfig_Client version="1">
    <m_iParamID>10 </m_iParamID>
    <m_iParamValue>100 </m_iParamValue>
</SysParamConfig_Client>
<SysParamConfig_Client version="1">
    <m_iParamID>11 </m_iParamID>
    <m_iParamValue>100 </m_iParamValue>
</SysParamConfig_Client>
<SysParamConfig_Client version="1">
    <m_iParamID>13 </m_iParamID>
    <m_iParamValue>0 </m_iParamValue>
</SysParamConfig_Client>
<SysParamConfig_Client version="1">
    <m_iParamID>14 </m_iParamID>
    <m_iParamValue>0 </m_iParamValue>
</SysParamConfig_Client>
<SysParamConfig_Client version="1">
    <m_iParamID>15 </m_iParamID>
    <m_iParamValue>300 </m_iParamValue>
</SysParamConfig_Client>
<SysParamConfig_Client version="1">
    <m_iParamID>16 </m_iParamID>
    <m_iParamValue>11000 </m_iParamValue>
</SysParamConfig_Client>
<SysParamConfig_Client version="1">
    <m_iParamID>17 </m_iParamID>
    <m_iParamValue>19 </m_iParamValue>
</SysParamConfig_Client>
<SysParamConfig_Client version="1">
    <m_iParamID>18 </m_iParamID>
    <m_iParamValue>300 </m_iParamValue>
</SysParamConfig_Client>
<SysParamConfig_Client version="1">
    <m_iParamID>19 </m_iParamID>
    <m_iParamValue>15000 </m_iParamValue>
</SysParamConfig_Client>
<SysParamConfig_Client version="1">
    <m_iParamID>20 </m_iParamID>
    <m_iParamValue>12000 </m_iParamValue>
</SysParamConfig_Client>
<SysParamConfig_Client version="1">
    <m_iParamID>21 </m_iParamID>
    <m_iParamValue>10000 </m_iParamValue>
</SysParamConfig_Client>
<SysParamConfig_Client version="1">
    <m_iParamID>22 </m_iParamID>
    <m_iParamValue>8000 </m_iParamValue>
</SysParamConfig_Client>
<SysParamConfig_Client version="1">
    <m_iParamID>23 </m_iParamID>
    <m_iParamValue>5000 </m_iParamValue>
</SysParamConfig_Client>
<SysParamConfig_Client version="1">
    <m_iParamID>24 </m_iParamID>
    <m_iParamValue>2000 </m_iParamValue>
</SysParamConfig_Client>
<SysParamConfig_Client version="1">
    <m_iParamID>25 </m_iParamID>
    <m_iParamValue>0 </m_iParamValue>
</SysParamConfig_Client>
<SysParamConfig_Client version="1">
    <m_iParamID>26 </m_iParamID>
    <m_iParamValue>100 </m_iParamValue>
</SysParamConfig_Client>
<SysParamConfig_Client version="1">
    <m_iParamID>27 </m_iParamID>
    <m_iParamValue>100 </m_iParamValue>
</SysParamConfig_Client>
<SysParamConfig_Client version="1">
    <m_iParamID>28 </m_iParamID>
    <m_iParamValue>1599 </m_iParamValue>
</SysParamConfig_Client>
<SysParamConfig_Client version="1">
    <m_iParamID>29 </m_iParamID>
    <m_iParamValue>0 </m_iParamValue>
</SysParamConfig_Client>
<SysParamConfig_Client version="1">
    <m_iParamID>30 </m_iParamID>
    <m_iParamValue>0 </m_iParamValue>
</SysParamConfig_Client>
<SysParamConfig_Client version="1">
    <m_iParamID>31 </m_iParamID>
    <m_iParamValue>100 </m_iParamValue>
</SysParamConfig_Client>
<SysParamConfig_Client version="1">
    <m_iParamID>32 </m_iParamID>
    <m_iParamValue>5 </m_iParamValue>
</SysParamConfig_Client>
<SysParamConfig_Client version="1">
    <m_iParamID>33 </m_iParamID>
    <m_iParamValue>5 </m_iParamValue>
</SysParamConfig_Client>
<SysParamConfig_Client version="1">
    <m_iParamID>34 </m_iParamID>
    <m_iParamValue>60 </m_iParamValue>
</SysParamConfig_Client>
<SysParamConfig_Client version="1">
    <m_iParamID>35 </m_iParamID>
    <m_iParamValue>6 </m_iParamValue>
</SysParamConfig_Client>
<SysParamConfig_Client version="1">
    <m_iParamID>36 </m_iParamID>
    <m_iParamValue>6 </m_iParamValue>
</SysParamConfig_Client>
<SysParamConfig_Client version="1">
    <m_iParamID>37 </m_iParamID>
    <m_iParamValue>0 </m_iParamValue>
</SysParamConfig_Client>
<SysParamConfig_Client version="1">
    <m_iParamID>38 </m_iParamID>
    <m_iParamValue>2 </m_iParamValue>
</SysParamConfig_Client>
<SysParamConfig_Client version="1">
    <m_iParamID>39 </m_iParamID>
    <m_iParamValue>500 </m_iParamValue>
</SysParamConfig_Client>
<SysParamConfig_Client version="1">
    <m_iParamID>40 </m_iParamID>
    <m_iParamValue>116 </m_iParamValue>
</SysParamConfig_Client>
<SysParamConfig_Client version="1">
    <m_iParamID>41 </m_iParamID>
    <m_iParamValue>4 </m_iParamValue>
</SysParamConfig_Client>
<SysParamConfig_Client version="1">
    <m_iParamID>42 </m_iParamID>
    <m_iParamValue>500 </m_iParamValue>
</SysParamConfig_Client>
<SysParamConfig_Client version="1">
    <m_iParamID>43 </m_iParamID>
    <m_iParamValue>15000 </m_iParamValue>
</SysParamConfig_Client>
<SysParamConfig_Client version="1">
    <m_iParamID>44 </m_iParamID>
    <m_iParamValue>20000 </m_iParamValue>
</SysParamConfig_Client>
<SysParamConfig_Client version="1">
    <m_iParamID>45 </m_iParamID>
    <m_iParamValue>9000 </m_iParamValue>
</SysParamConfig_Client>
<SysParamConfig_Client version="1">
    <m_iParamID>46 </m_iParamID>
    <m_iParamValue>0 </m_iParamValue>
</SysParamConfig_Client>
<SysParamConfig_Client version="1">
    <m_iParamID>47 </m_iParamID>
    <m_iParamValue>30 </m_iParamValue>
</SysParamConfig_Client>
<SysParamConfig_Client version="1">
    <m_iParamID>48 </m_iParamID>
    <m_iParamValue>40 </m_iParamValue>
</SysParamConfig_Client>
<SysParamConfig_Client version="1">
    <m_iParamID>49 </m_iParamID>
    <m_iParamValue>50 </m_iParamValue>
</SysParamConfig_Client>
<SysParamConfig_Client version="1">
    <m_iParamID>50 </m_iParamID>
    <m_iParamValue>60 </m_iParamValue>
</SysParamConfig_Client>
<SysParamConfig_Client version="1">
    <m_iParamID>51 </m_iParamID>
    <m_iParamValue>80 </m_iParamValue>
</SysParamConfig_Client>
<SysParamConfig_Client version="1">
    <m_iParamID>52 </m_iParamID>
    <m_iParamValue>5 </m_iParamValue>
</SysParamConfig_Client>
<SysParamConfig_Client version="1">
    <m_iParamID>53 </m_iParamID>
    <m_iParamValue>3 </m_iParamValue>
</SysParamConfig_Client>
<SysParamConfig_Client version="1">
    <m_iParamID>54 </m_iParamID>
    <m_iParamValue>1 </m_iParamValue>
</SysParamConfig_Client>
<SysParamConfig_Client version="1">
    <m_iParamID>55 </m_iParamID>
    <m_iParamValue>52 </m_iParamValue>
</SysParamConfig_Client>
<SysParamConfig_Client version="1">
    <m_iParamID>56 </m_iParamID>
    <m_iParamValue>20 </m_iParamValue>
</SysParamConfig_Client>
<SysParamConfig_Client version="1">
    <m_iParamID>57 </m_iParamID>
    <m_iParamValue>36 </m_iParamValue>
</SysParamConfig_Client>
<SysParamConfig_Client version="1">
    <m_iParamID>58 </m_iParamID>
    <m_iParamValue>10000 </m_iParamValue>
</SysParamConfig_Client>
<SysParamConfig_Client version="1">
    <m_iParamID>59 </m_iParamID>
    <m_iParamValue>0 </m_iParamValue>
</SysParamConfig_Client>
<SysParamConfig_Client version="1">
    <m_iParamID>60 </m_iParamID>
    <m_iParamValue>1 </m_iParamValue>
</SysParamConfig_Client>
<SysParamConfig_Client version="1">
    <m_iParamID>61 </m_iParamID>
    <m_iParamValue>100 </m_iParamValue>
</SysParamConfig_Client>
<SysParamConfig_Client version="1">
    <m_iParamID>62 </m_iParamID>
    <m_iParamValue>150 </m_iParamValue>
</SysParamConfig_Client>
<SysParamConfig_Client version="1">
    <m_iParamID>63 </m_iParamID>
    <m_iParamValue>200 </m_iParamValue>
</SysParamConfig_Client>
<SysParamConfig_Client version="1">
    <m_iParamID>64 </m_iParamID>
    <m_iParamValue>250 </m_iParamValue>
</SysParamConfig_Client>
<SysParamConfig_Client version="1">
    <m_iParamID>65 </m_iParamID>
    <m_iParamValue>300 </m_iParamValue>
</SysParamConfig_Client>
<SysParamConfig_Client version="1">
    <m_iParamID>66 </m_iParamID>
    <m_iParamValue>10 </m_iParamValue>
</SysParamConfig_Client>
<SysParamConfig_Client version="1">
    <m_iParamID>67 </m_iParamID>
    <m_iParamValue>3000 </m_iParamValue>
</SysParamConfig_Client>
<SysParamConfig_Client version="1">
    <m_iParamID>68 </m_iParamID>
    <m_iParamValue>3600 </m_iParamValue>
</SysParamConfig_Client>
<SysParamConfig_Client version="1">
    <m_iParamID>69 </m_iParamID>
    <m_iParamValue>2 </m_iParamValue>
</SysParamConfig_Client>
<SysParamConfig_Client version="1">
    <m_iParamID>70 </m_iParamID>
    <m_iParamValue>2 </m_iParamValue>
</SysParamConfig_Client>
<SysParamConfig_Client version="1">
    <m_iParamID>71 </m_iParamID>
    <m_iParamValue>2 </m_iParamValue>
</SysParamConfig_Client>
<SysParamConfig_Client version="1">
    <m_iParamID>72 </m_iParamID>
    <m_iParamValue>18 </m_iParamValue>
</SysParamConfig_Client>
<SysParamConfig_Client version="1">
    <m_iParamID>73 </m_iParamID>
    <m_iParamValue>3 </m_iParamValue>
</SysParamConfig_Client>
<SysParamConfig_Client version="1">
    <m_iParamID>74 </m_iParamID>
    <m_iParamValue>10 </m_iParamValue>
</SysParamConfig_Client>
<SysParamConfig_Client version="1">
    <m_iParamID>75 </m_iParamID>
    <m_iParamValue>60 </m_iParamValue>
</SysParamConfig_Client>
<SysParamConfig_Client version="1">
    <m_iParamID>76 </m_iParamID>
    <m_iParamValue>999 </m_iParamValue>
</SysParamConfig_Client>
<SysParamConfig_Client version="1">
    <m_iParamID>77 </m_iParamID>
    <m_iParamValue>1500 </m_iParamValue>
</SysParamConfig_Client>
<SysParamConfig_Client version="1">
    <m_iParamID>78 </m_iParamID>
    <m_iParamValue>1600 </m_iParamValue>
</SysParamConfig_Client>
<SysParamConfig_Client version="1">
    <m_iParamID>79 </m_iParamID>
    <m_iParamValue>1700 </m_iParamValue>
</SysParamConfig_Client>
<SysParamConfig_Client version="1">
    <m_iParamID>80 </m_iParamID>
    <m_iParamValue>1800 </m_iParamValue>
</SysParamConfig_Client>
<SysParamConfig_Client version="1">
    <m_iParamID>81 </m_iParamID>
    <m_iParamValue>1900 </m_iParamValue>
</SysParamConfig_Client>
<SysParamConfig_Client version="1">
    <m_iParamID>82 </m_iParamID>
    <m_iParamValue>1000 </m_iParamValue>
</SysParamConfig_Client>
<SysParamConfig_Client version="1">
    <m_iParamID>83 </m_iParamID>
    <m_iParamValue>3 </m_iParamValue>
</SysParamConfig_Client>
<SysParamConfig_Client version="1">
    <m_iParamID>84 </m_iParamID>
    <m_iParamValue>4 </m_iParamValue>
</SysParamConfig_Client>
<SysParamConfig_Client version="1">
    <m_iParamID>85 </m_iParamID>
    <m_iParamValue>5 </m_iParamValue>
</SysParamConfig_Client>
<SysParamConfig_Client version="1">
    <m_iParamID>86 </m_iParamID>
    <m_iParamValue>7 </m_iParamValue>
</SysParamConfig_Client>
<SysParamConfig_Client version="1">
    <m_iParamID>87 </m_iParamID>
    <m_iParamValue>7 </m_iParamValue>
</SysParamConfig_Client>
<SysParamConfig_Client version="1">
    <m_iParamID>88 </m_iParamID>
    <m_iParamValue>6 </m_iParamValue>
</SysParamConfig_Client>
<SysParamConfig_Client version="1">
    <m_iParamID>89 </m_iParamID>
    <m_iParamValue>6 </m_iParamValue>
</SysParamConfig_Client>
<SysParamConfig_Client version="1">
    <m_iParamID>90 </m_iParamID>
    <m_iParamValue>10 </m_iParamValue>
</SysParamConfig_Client>
<SysParamConfig_Client version="1">
    <m_iParamID>91 </m_iParamID>
    <m_iParamValue>10 </m_iParamValue>
</SysParamConfig_Client>
<SysParamConfig_Client version="1">
    <m_iParamID>92 </m_iParamID>
    <m_iParamValue>50 </m_iParamValue>
</SysParamConfig_Client>
<SysParamConfig_Client version="1">
    <m_iParamID>93 </m_iParamID>
    <m_iParamValue>20 </m_iParamValue>
</SysParamConfig_Client>
<SysParamConfig_Client version="1">
    <m_iParamID>94 </m_iParamID>
    <m_iParamValue>3 </m_iParamValue>
</SysParamConfig_Client>
<SysParamConfig_Client version="1">
    <m_iParamID>95 </m_iParamID>
    <m_iParamValue>3 </m_iParamValue>
</SysParamConfig_Client>
<SysParamConfig_Client version="1">
    <m_iParamID>96 </m_iParamID>
    <m_iParamValue>0 </m_iParamValue>
</SysParamConfig_Client>
<SysParamConfig_Client version="1">
    <m_iParamID>97 </m_iParamID>
    <m_iParamValue>2 </m_iParamValue>
</SysParamConfig_Client>
<SysParamConfig_Client version="1">
    <m_iParamID>98 </m_iParamID>
    <m_iParamValue>588 </m_iParamValue>
</SysParamConfig_Client>
<SysParamConfig_Client version="1">
    <m_iParamID>99 </m_iParamID>
    <m_iParamValue>1 </m_iParamValue>
</SysParamConfig_Client>
<SysParamConfig_Client version="1">
    <m_iParamID>100 </m_iParamID>
    <m_iParamValue>1 </m_iParamValue>
</SysParamConfig_Client>
<SysParamConfig_Client version="1">
    <m_iParamID>101 </m_iParamID>
    <m_iParamValue>5 </m_iParamValue>
</SysParamConfig_Client>
<SysParamConfig_Client version="1">
    <m_iParamID>102 </m_iParamID>
    <m_iParamValue>10 </m_iParamValue>
</SysParamConfig_Client>
<SysParamConfig_Client version="1">
    <m_iParamID>103 </m_iParamID>
    <m_iParamValue>20 </m_iParamValue>
</SysParamConfig_Client>
<SysParamConfig_Client version="1">
    <m_iParamID>104 </m_iParamID>
    <m_iParamValue>3 </m_iParamValue>
</SysParamConfig_Client>
<SysParamConfig_Client version="1">
    <m_iParamID>105 </m_iParamID>
    <m_iParamValue>1001 </m_iParamValue>
</SysParamConfig_Client>
<SysParamConfig_Client version="1">
    <m_iParamID>106 </m_iParamID>
    <m_iParamValue>23010001 </m_iParamValue>
</SysParamConfig_Client>
<SysParamConfig_Client version="1">
    <m_iParamID>107 </m_iParamID>
    <m_iParamValue>10 </m_iParamValue>
</SysParamConfig_Client>
<SysParamConfig_Client version="1">
    <m_iParamID>108 </m_iParamID>
    <m_iParamValue>20 </m_iParamValue>
</SysParamConfig_Client>
<SysParamConfig_Client version="1">
    <m_iParamID>109 </m_iParamID>
    <m_iParamValue>301 </m_iParamValue>
</SysParamConfig_Client>
<SysParamConfig_Client version="1">
    <m_iParamID>110 </m_iParamID>
    <m_iParamValue>10 </m_iParamValue>
</SysParamConfig_Client>
<SysParamConfig_Client version="1">
    <m_iParamID>111 </m_iParamID>
    <m_iParamValue>1 </m_iParamValue>
</SysParamConfig_Client>
<SysParamConfig_Client version="1">
    <m_iParamID>112 </m_iParamID>
    <m_iParamValue>200 </m_iParamValue>
</SysParamConfig_Client>
<SysParamConfig_Client version="1">
    <m_iParamID>113 </m_iParamID>
    <m_iParamValue>10005 </m_iParamValue>
</SysParamConfig_Client>
<SysParamConfig_Client version="1">
    <m_iParamID>114 </m_iParamID>
    <m_iParamValue>28800 </m_iParamValue>
</SysParamConfig_Client>
<SysParamConfig_Client version="1">
    <m_iParamID>115 </m_iParamID>
    <m_iParamValue>0 </m_iParamValue>
</SysParamConfig_Client>
<SysParamConfig_Client version="1">
    <m_iParamID>116 </m_iParamID>
    <m_iParamValue>1 </m_iParamValue>
</SysParamConfig_Client>
<SysParamConfig_Client version="1">
    <m_iParamID>117 </m_iParamID>
    <m_iParamValue>50 </m_iParamValue>
</SysParamConfig_Client>
<SysParamConfig_Client version="1">
    <m_iParamID>118 </m_iParamID>
    <m_iParamValue>414 </m_iParamValue>
</SysParamConfig_Client>
<SysParamConfig_Client version="1">
    <m_iParamID>119 </m_iParamID>
    <m_iParamValue>25070001 </m_iParamValue>
</SysParamConfig_Client>
<SysParamConfig_Client version="1">
    <m_iParamID>120 </m_iParamID>
    <m_iParamValue>1002 </m_iParamValue>
</SysParamConfig_Client>
<SysParamConfig_Client version="1">
    <m_iParamID>121 </m_iParamID>
    <m_iParamValue>9 </m_iParamValue>
</SysParamConfig_Client>
<SysParamConfig_Client version="1">
    <m_iParamID>122 </m_iParamID>
    <m_iParamValue>22 </m_iParamValue>
</SysParamConfig_Client>
<SysParamConfig_Client version="1">
    <m_iParamID>123 </m_iParamID>
    <m_iParamValue>7 </m_iParamValue>
</SysParamConfig_Client>
<SysParamConfig_Client version="1">
    <m_iParamID>124 </m_iParamID>
    <m_iParamValue>20 </m_iParamValue>
</SysParamConfig_Client>
<SysParamConfig_Client version="1">
    <m_iParamID>125 </m_iParamID>
    <m_iParamValue>3 </m_iParamValue>
</SysParamConfig_Client>
<SysParamConfig_Client version="1">
    <m_iParamID>126 </m_iParamID>
    <m_iParamValue>2 </m_iParamValue>
</SysParamConfig_Client>
<SysParamConfig_Client version="1">
    <m_iParamID>127 </m_iParamID>
    <m_iParamValue>50 </m_iParamValue>
</SysParamConfig_Client>
<SysParamConfig_Client version="1">
    <m_iParamID>128 </m_iParamID>
    <m_iParamValue>1 </m_iParamValue>
</SysParamConfig_Client>
<SysParamConfig_Client version="1">
    <m_iParamID>129 </m_iParamID>
    <m_iParamValue>1 </m_iParamValue>
</SysParamConfig_Client>
<SysParamConfig_Client version="1">
    <m_iParamID>130 </m_iParamID>
    <m_iParamValue>100 </m_iParamValue>
</SysParamConfig_Client>
<SysParamConfig_Client version="1">
    <m_iParamID>131 </m_iParamID>
    <m_iParamValue>2 </m_iParamValue>
</SysParamConfig_Client>
<SysParamConfig_Client version="1">
    <m_iParamID>132 </m_iParamID>
    <m_iParamValue>5 </m_iParamValue>
</SysParamConfig_Client>
<SysParamConfig_Client version="1">
    <m_iParamID>133 </m_iParamID>
    <m_iParamValue>2 </m_iParamValue>
</SysParamConfig_Client>
<SysParamConfig_Client version="1">
    <m_iParamID>134 </m_iParamID>
    <m_iParamValue>6 </m_iParamValue>
</SysParamConfig_Client>
<SysParamConfig_Client version="1">
    <m_iParamID>135 </m_iParamID>
    <m_iParamValue>10 </m_iParamValue>
</SysParamConfig_Client>
<SysParamConfig_Client version="1">
    <m_iParamID>136 </m_iParamID>
    <m_iParamValue>20 </m_iParamValue>
</SysParamConfig_Client>
<SysParamConfig_Client version="1">
    <m_iParamID>137 </m_iParamID>
    <m_iParamValue>1 </m_iParamValue>
</SysParamConfig_Client>
<SysParamConfig_Client version="1">
    <m_iParamID>138 </m_iParamID>
    <m_iParamValue>0 </m_iParamValue>
</SysParamConfig_Client>
<SysParamConfig_Client version="1">
    <m_iParamID>139 </m_iParamID>
    <m_iParamValue>0 </m_iParamValue>
</SysParamConfig_Client>
<SysParamConfig_Client version="1">
    <m_iParamID>140 </m_iParamID>
    <m_iParamValue>1 </m_iParamValue>
</SysParamConfig_Client>
<SysParamConfig_Client version="1">
    <m_iParamID>141 </m_iParamID>
    <m_iParamValue>1398873600 </m_iParamValue>
</SysParamConfig_Client>
<SysParamConfig_Client version="1">
    <m_iParamID>142 </m_iParamID>
    <m_iParamValue>1401551999 </m_iParamValue>
</SysParamConfig_Client>
<SysParamConfig_Client version="1">
    <m_iParamID>143 </m_iParamID>
    <m_iParamValue>1002 </m_iParamValue>
</SysParamConfig_Client>
<SysParamConfig_Client version="1">
    <m_iParamID>144 </m_iParamID>
    <m_iParamValue>218 </m_iParamValue>
</SysParamConfig_Client>
<SysParamConfig_Client version="1">
    <m_iParamID>145 </m_iParamID>
    <m_iParamValue>219 </m_iParamValue>
</SysParamConfig_Client>
<SysParamConfig_Client version="1">
    <m_iParamID>146 </m_iParamID>
    <m_iParamValue>30 </m_iParamValue>
</SysParamConfig_Client>
<SysParamConfig_Client version="1">
    <m_iParamID>147 </m_iParamID>
    <m_iParamValue>10000 </m_iParamValue>
</SysParamConfig_Client>
<SysParamConfig_Client version="1">
    <m_iParamID>148 </m_iParamID>
    <m_iParamValue>100 </m_iParamValue>
</SysParamConfig_Client>
<SysParamConfig_Client version="1">
    <m_iParamID>149 </m_iParamID>
    <m_iParamValue>427 </m_iParamValue>
</SysParamConfig_Client>
<SysParamConfig_Client version="1">
    <m_iParamID>150 </m_iParamID>
    <m_iParamValue>213 </m_iParamValue>
</SysParamConfig_Client>
<SysParamConfig_Client version="1">
    <m_iParamID>151 </m_iParamID>
    <m_iParamValue>427 </m_iParamValue>
</SysParamConfig_Client>
<SysParamConfig_Client version="1">
    <m_iParamID>152 </m_iParamID>
    <m_iParamValue>2 </m_iParamValue>
</SysParamConfig_Client>
<SysParamConfig_Client version="1">
    <m_iParamID>153 </m_iParamID>
    <m_iParamValue>24020001 </m_iParamValue>
</SysParamConfig_Client>
<SysParamConfig_Client version="1">
    <m_iParamID>154 </m_iParamID>
    <m_iParamValue>96 </m_iParamValue>
</SysParamConfig_Client>
<SysParamConfig_Client version="1">
    <m_iParamID>155 </m_iParamID>
    <m_iParamValue>512 </m_iParamValue>
</SysParamConfig_Client>
<SysParamConfig_Client version="1">
    <m_iParamID>156 </m_iParamID>
    <m_iParamValue>400 </m_iParamValue>
</SysParamConfig_Client>
<SysParamConfig_Client version="1">
    <m_iParamID>157 </m_iParamID>
    <m_iParamValue>20 </m_iParamValue>
</SysParamConfig_Client>
<SysParamConfig_Client version="1">
    <m_iParamID>158 </m_iParamID>
    <m_iParamValue>1 </m_iParamValue>
</SysParamConfig_Client>
<SysParamConfig_Client version="1">
    <m_iParamID>159 </m_iParamID>
    <m_iParamValue>10 </m_iParamValue>
</SysParamConfig_Client>
<SysParamConfig_Client version="1">
    <m_iParamID>160 </m_iParamID>
    <m_iParamValue>5000 </m_iParamValue>
</SysParamConfig_Client>
<SysParamConfig_Client version="1">
    <m_iParamID>161 </m_iParamID>
    <m_iParamValue>5 </m_iParamValue>
</SysParamConfig_Client>
<SysParamConfig_Client version="1">
    <m_iParamID>162 </m_iParamID>
    <m_iParamValue>1 </m_iParamValue>
</SysParamConfig_Client>
<SysParamConfig_Client version="1">
    <m_iParamID>163 </m_iParamID>
    <m_iParamValue>1 </m_iParamValue>
</SysParamConfig_Client>
<SysParamConfig_Client version="1">
    <m_iParamID>164 </m_iParamID>
    <m_iParamValue>50 </m_iParamValue>
</SysParamConfig_Client>
<SysParamConfig_Client version="1">
    <m_iParamID>165 </m_iParamID>
    <m_iParamValue>30 </m_iParamValue>
</SysParamConfig_Client>
<SysParamConfig_Client version="1">
    <m_iParamID>166 </m_iParamID>
    <m_iParamValue>3 </m_iParamValue>
</SysParamConfig_Client>
<SysParamConfig_Client version="1">
    <m_iParamID>167 </m_iParamID>
    <m_iParamValue>500 </m_iParamValue>
</SysParamConfig_Client>
<SysParamConfig_Client version="1">
    <m_iParamID>168 </m_iParamID>
    <m_iParamValue>10 </m_iParamValue>
</SysParamConfig_Client>
<SysParamConfig_Client version="1">
    <m_iParamID>169 </m_iParamID>
    <m_iParamValue>1 </m_iParamValue>
</SysParamConfig_Client>
<SysParamConfig_Client version="1">
    <m_iParamID>170 </m_iParamID>
    <m_iParamValue>20 </m_iParamValue>
</SysParamConfig_Client>
<SysParamConfig_Client version="1">
    <m_iParamID>171 </m_iParamID>
    <m_iParamValue>10 </m_iParamValue>
</SysParamConfig_Client>
<SysParamConfig_Client version="1">
    <m_iParamID>172 </m_iParamID>
    <m_iParamValue>5 </m_iParamValue>
</SysParamConfig_Client>
<SysParamConfig_Client version="1">
    <m_iParamID>173 </m_iParamID>
    <m_iParamValue>0 </m_iParamValue>
</SysParamConfig_Client>
<SysParamConfig_Client version="1">
    <m_iParamID>174 </m_iParamID>
    <m_iParamValue>0 </m_iParamValue>
</SysParamConfig_Client>
<SysParamConfig_Client version="1">
    <m_iParamID>175 </m_iParamID>
    <m_iParamValue>0 </m_iParamValue>
</SysParamConfig_Client>
<SysParamConfig_Client version="1">
    <m_iParamID>176 </m_iParamID>
    <m_iParamValue>400 </m_iParamValue>
</SysParamConfig_Client>
<SysParamConfig_Client version="1">
    <m_iParamID>177 </m_iParamID>
    <m_iParamValue>0 </m_iParamValue>
</SysParamConfig_Client>
<SysParamConfig_Client version="1">
    <m_iParamID>178 </m_iParamID>
    <m_iParamValue>30 </m_iParamValue>
</SysParamConfig_Client>
<SysParamConfig_Client version="1">
    <m_iParamID>179 </m_iParamID>
    <m_iParamValue>0 </m_iParamValue>
</SysParamConfig_Client>
<SysParamConfig_Client version="1">
    <m_iParamID>180 </m_iParamID>
    <m_iParamValue>30 </m_iParamValue>
</SysParamConfig_Client>
<SysParamConfig_Client version="1">
    <m_iParamID>181 </m_iParamID>
    <m_iParamValue>30 </m_iParamValue>
</SysParamConfig_Client>
<SysParamConfig_Client version="1">
    <m_iParamID>182 </m_iParamID>
    <m_iParamValue>30 </m_iParamValue>
</SysParamConfig_Client>
<SysParamConfig_Client version="1">
    <m_iParamID>183 </m_iParamID>
    <m_iParamValue>30 </m_iParamValue>
</SysParamConfig_Client>
<SysParamConfig_Client version="1">
    <m_iParamID>184 </m_iParamID>
    <m_iParamValue>0 </m_iParamValue>
</SysParamConfig_Client>
<SysParamConfig_Client version="1">
    <m_iParamID>185 </m_iParamID>
    <m_iParamValue>0 </m_iParamValue>
</SysParamConfig_Client>
<SysParamConfig_Client version="1">
    <m_iParamID>186 </m_iParamID>
    <m_iParamValue>1 </m_iParamValue>
</SysParamConfig_Client>
<SysParamConfig_Client version="1">
    <m_iParamID>187 </m_iParamID>
    <m_iParamValue>1 </m_iParamValue>
</SysParamConfig_Client>
<SysParamConfig_Client version="1">
    <m_iParamID>188 </m_iParamID>
    <m_iParamValue>3 </m_iParamValue>
</SysParamConfig_Client>
<SysParamConfig_Client version="1">
    <m_iParamID>189 </m_iParamID>
    <m_iParamValue>300 </m_iParamValue>
</SysParamConfig_Client>
<SysParamConfig_Client version="1">
    <m_iParamID>190 </m_iParamID>
    <m_iParamValue>0 </m_iParamValue>
</SysParamConfig_Client>
<SysParamConfig_Client version="1">
    <m_iParamID>191 </m_iParamID>
    <m_iParamValue>1 </m_iParamValue>
</SysParamConfig_Client>
<SysParamConfig_Client version="1">
    <m_iParamID>192 </m_iParamID>
    <m_iParamValue>1 </m_iParamValue>
</SysParamConfig_Client>
<SysParamConfig_Client version="1">
    <m_iParamID>193 </m_iParamID>
    <m_iParamValue>1 </m_iParamValue>
</SysParamConfig_Client>
<SysParamConfig_Client version="1">
    <m_iParamID>194 </m_iParamID>
    <m_iParamValue>1 </m_iParamValue>
</SysParamConfig_Client>
<SysParamConfig_Client version="1">
    <m_iParamID>195 </m_iParamID>
    <m_iParamValue>200 </m_iParamValue>
</SysParamConfig_Client>
<SysParamConfig_Client version="1">
    <m_iParamID>196 </m_iParamID>
    <m_iParamValue>500 </m_iParamValue>
</SysParamConfig_Client>
<SysParamConfig_Client version="1">
    <m_iParamID>197 </m_iParamID>
    <m_iParamValue>30 </m_iParamValue>
</SysParamConfig_Client>
<SysParamConfig_Client version="1">
    <m_iParamID>198 </m_iParamID>
    <m_iParamValue>50 </m_iParamValue>
</SysParamConfig_Client>
<SysParamConfig_Client version="1">
    <m_iParamID>199 </m_iParamID>
    <m_iParamValue>80 </m_iParamValue>
</SysParamConfig_Client>
<SysParamConfig_Client version="1">
    <m_iParamID>200 </m_iParamID>
    <m_iParamValue>100 </m_iParamValue>
</SysParamConfig_Client>
<SysParamConfig_Client version="1">
    <m_iParamID>201 </m_iParamID>
    <m_iParamValue>0 </m_iParamValue>
</SysParamConfig_Client>
<SysParamConfig_Client version="1">
    <m_iParamID>202 </m_iParamID>
    <m_iParamValue>24020001 </m_iParamValue>
</SysParamConfig_Client>
<SysParamConfig_Client version="1">
    <m_iParamID>203 </m_iParamID>
    <m_iParamValue>24020001 </m_iParamValue>
</SysParamConfig_Client>
<SysParamConfig_Client version="1">
    <m_iParamID>204 </m_iParamID>
    <m_iParamValue>0 </m_iParamValue>
</SysParamConfig_Client>
<SysParamConfig_Client version="1">
    <m_iParamID>205 </m_iParamID>
    <m_iParamValue>1 </m_iParamValue>
</SysParamConfig_Client>
<SysParamConfig_Client version="1">
    <m_iParamID>206 </m_iParamID>
    <m_iParamValue>1 </m_iParamValue>
</SysParamConfig_Client>
<SysParamConfig_Client version="1">
    <m_iParamID>207 </m_iParamID>
    <m_iParamValue>152 </m_iParamValue>
</SysParamConfig_Client>
<SysParamConfig_Client version="1">
    <m_iParamID>208 </m_iParamID>
    <m_iParamValue>600 </m_iParamValue>
</SysParamConfig_Client>
<SysParamConfig_Client version="1">
    <m_iParamID>209 </m_iParamID>
    <m_iParamValue>21000 </m_iParamValue>
</SysParamConfig_Client>
<SysParamConfig_Client version="1">
    <m_iParamID>210 </m_iParamID>
    <m_iParamValue>900 </m_iParamValue>
</SysParamConfig_Client>
<SysParamConfig_Client version="1">
    <m_iParamID>212 </m_iParamID>
    <m_iParamValue>1 </m_iParamValue>
</SysParamConfig_Client>
<SysParamConfig_Client version="1">
    <m_iParamID>213 </m_iParamID>
    <m_iParamValue>30 </m_iParamValue>
</SysParamConfig_Client>
<SysParamConfig_Client version="1">
    <m_iParamID>214 </m_iParamID>
    <m_iParamValue>0 </m_iParamValue>
</SysParamConfig_Client>
<SysParamConfig_Client version="1">
    <m_iParamID>215 </m_iParamID>
    <m_iParamValue>1 </m_iParamValue>
</SysParamConfig_Client>
<SysParamConfig_Client version="1">
    <m_iParamID>216 </m_iParamID>
    <m_iParamValue>1 </m_iParamValue>
</SysParamConfig_Client>
</SysParamConfig_Client_Tab>